{
    "version" : "1.1.2",
    "project" : {
        "name" : "root",
        "directory" : "/Users/oajibode/devbox/personals/packt/scalabox/experto",
        "sources" : [
            "/Users/oajibode/devbox/personals/packt/scalabox/experto/src/main/scala-2.13",
            "/Users/oajibode/devbox/personals/packt/scalabox/experto/src/main/scala",
            "/Users/oajibode/devbox/personals/packt/scalabox/experto/src/main/java",
            "/Users/oajibode/devbox/personals/packt/scalabox/experto/target/scala-2.13/src_managed/main"
        ],
        "dependencies" : [
        ],
        "classpath" : [
            "/Users/oajibode/Library/Caches/Coursier/v1/https/repo1.maven.org/maven2/org/scala-lang/scala-library/2.13.1/scala-library-2.13.1.jar"
        ],
        "out" : "/Users/oajibode/devbox/personals/packt/scalabox/experto/.bloop/root",
        "classesDir" : "/Users/oajibode/devbox/personals/packt/scalabox/experto/.bloop/root/scala-2.13/classes",
        "resources" : [
            "/Users/oajibode/devbox/personals/packt/scalabox/experto/src/main/resources",
            "/Users/oajibode/devbox/personals/packt/scalabox/experto/target/scala-2.13/resource_managed/main"
        ],
        "scala" : {
            "organization" : "org.scala-lang",
            "name" : "scala-compiler",
            "version" : "2.13.1",
            "options" : [
                "-P:semanticdb:synthetics:on",
                "-P:semanticdb:failures:warning",
                "-P:semanticdb:sourceroot:/Users/oajibode/devbox/personals/packt/scalabox/experto",
                "-Yrangepos",
                "-Xplugin-require:semanticdb",
                "-Xplugin:/Users/oajibode/Library/Caches/Coursier/v1/https/repo1.maven.org/maven2/org/scalameta/semanticdb-scalac_2.13.1/4.2.3/semanticdb-scalac_2.13.1-4.2.3.jar"
            ],
            "jars" : [
                "/Users/oajibode/Library/Caches/Coursier/v1/https/repo1.maven.org/maven2/org/scala-lang/scala-compiler/2.13.1/scala-compiler-2.13.1.jar",
                "/Users/oajibode/Library/Caches/Coursier/v1/https/repo1.maven.org/maven2/org/scala-lang/scala-reflect/2.13.1/scala-reflect-2.13.1.jar",
                "/Users/oajibode/Library/Caches/Coursier/v1/https/repo1.maven.org/maven2/org/scala-lang/scala-library/2.13.1/scala-library-2.13.1.jar",
                "/Users/oajibode/Library/Caches/Coursier/v1/https/repo1.maven.org/maven2/jline/jline/2.14.6/jline-2.14.6.jar",
                "/Users/oajibode/Library/Caches/Coursier/v1/https/repo1.maven.org/maven2/org/fusesource/jansi/jansi/1.12/jansi-1.12.jar"
            ],
            "setup" : {
                "order" : "mixed",
                "addLibraryToBootClasspath" : true,
                "addCompilerToClasspath" : false,
                "addExtraJarsToClasspath" : false,
                "manageBootClasspath" : true,
                "filterLibraryFromClasspath" : true
            }
        },
        "java" : {
            "options" : [
            ]
        },
        "test" : {
            "frameworks" : [
                {
                    "names" : [
                        "org.scalacheck.ScalaCheckFramework"
                    ]
                },
                {
                    "names" : [
                        "org.specs2.runner.Specs2Framework",
                        "org.specs2.runner.SpecsFramework"
                    ]
                },
                {
                    "names" : [
                        "org.specs.runner.SpecsFramework"
                    ]
                },
                {
                    "names" : [
                        "org.scalatest.tools.Framework",
                        "org.scalatest.tools.ScalaTestFramework"
                    ]
                },
                {
                    "names" : [
                        "com.novocode.junit.JUnitFramework"
                    ]
                }
            ],
            "options" : {
                "excludes" : [
                ],
                "arguments" : [
                ]
            }
        },
        "platform" : {
            "name" : "jvm",
            "config" : {
                "home" : "/Users/oajibode/.sdkman/candidates/java/8.0.222.hs-adpt/jre",
                "options" : [
                ]
            },
            "mainClass" : [
            ]
        },
        "resolution" : {
            "modules" : [
                {
                    "organization" : "org.scala-lang",
                    "name" : "scala-library",
                    "version" : "2.13.1",
                    "configurations" : "default",
                    "artifacts" : [
                        {
                            "name" : "scala-library",
                            "path" : "/Users/oajibode/Library/Caches/Coursier/v1/https/repo1.maven.org/maven2/org/scala-lang/scala-library/2.13.1/scala-library-2.13.1.jar"
                        },
                        {
                            "name" : "scala-library",
                            "classifier" : "sources",
                            "path" : "/Users/oajibode/Library/Caches/Coursier/v1/https/repo1.maven.org/maven2/org/scala-lang/scala-library/2.13.1/scala-library-2.13.1-sources.jar"
                        }
                    ]
                },
                {
                    "organization" : "org.scala-lang",
                    "name" : "scala-library",
                    "version" : "2.13.1",
                    "configurations" : "optional",
                    "artifacts" : [
                        {
                            "name" : "scala-library",
                            "path" : "/Users/oajibode/Library/Caches/Coursier/v1/https/repo1.maven.org/maven2/org/scala-lang/scala-library/2.13.1/scala-library-2.13.1.jar"
                        },
                        {
                            "name" : "scala-library",
                            "classifier" : "sources",
                            "path" : "/Users/oajibode/Library/Caches/Coursier/v1/https/repo1.maven.org/maven2/org/scala-lang/scala-library/2.13.1/scala-library-2.13.1-sources.jar"
                        }
                    ]
                }
            ]
        }
    }
}