{
    "version" : "1.1.2",
    "project" : {
        "name" : "experto-build",
        "directory" : "/Users/oajibode/devbox/personals/packt/scalabox/experto/project",
        "sources" : [
            "/Users/oajibode/devbox/personals/packt/scalabox/experto/project/src/main/scala-2.12",
            "/Users/oajibode/devbox/personals/packt/scalabox/experto/project/src/main/scala",
            "/Users/oajibode/devbox/personals/packt/scalabox/experto/project/src/main/java",
            "/Users/oajibode/devbox/personals/packt/scalabox/experto/project/src/main/scala-sbt-1.0",
            "/Users/oajibode/devbox/personals/packt/scalabox/experto/project/target/scala-2.12/sbt-1.0/src_managed/main",
            "/Users/oajibode/devbox/personals/packt/scalabox/experto/project/Dependencies.scala"
        ],
        "dependencies" : [
        ],
        "classpath" : [
            "/Users/oajibode/Library/Caches/Coursier/v1/https/repo1.maven.org/maven2/org/scala-sbt/protocol_2.12/1.3.3/protocol_2.12-1.3.3.jar",
            "/Users/oajibode/Library/Caches/Coursier/v1/https/repo1.maven.org/maven2/org/scala-sbt/util-position_2.12/1.3.2/util-position_2.12-1.3.2.jar",
            "/Users/oajibode/Library/Caches/Coursier/v1/https/repo1.maven.org/maven2/org/scala-sbt/actions_2.12/1.3.3/actions_2.12-1.3.3.jar",
            "/Users/oajibode/Library/Caches/Coursier/v1/https/repo1.maven.org/maven2/org/typelevel/machinist_2.12/0.6.2/machinist_2.12-0.6.2.jar",
            "/Users/oajibode/Library/Caches/Coursier/v1/https/repo1.maven.org/maven2/org/scala-sbt/ivy/ivy/2.3.0-sbt-cb9cc189e9f3af519f9f102e6c5d446488ff6832/ivy-2.3.0-sbt-cb9cc189e9f3af519f9f102e6c5d446488ff6832.jar",
            "/Users/oajibode/Library/Caches/Coursier/v1/https/repo1.maven.org/maven2/org/scala-sbt/util-relation_2.12/1.3.2/util-relation_2.12-1.3.2.jar",
            "/Users/oajibode/Library/Caches/Coursier/v1/https/repo1.maven.org/maven2/org/scala-sbt/testing_2.12/1.3.3/testing_2.12-1.3.3.jar",
            "/Users/oajibode/Library/Caches/Coursier/v1/https/repo1.maven.org/maven2/org/scala-sbt/librarymanagement-ivy_2.12/1.3.0/librarymanagement-ivy_2.12-1.3.0.jar",
            "/Users/oajibode/Library/Caches/Coursier/v1/https/repo1.maven.org/maven2/org/scala-sbt/task-system_2.12/1.3.3/task-system_2.12-1.3.3.jar",
            "/Users/oajibode/Library/Caches/Coursier/v1/https/repo1.maven.org/maven2/com/squareup/okio/okio/1.17.2/okio-1.17.2.jar",
            "/Users/oajibode/Library/Caches/Coursier/v1/https/repo1.maven.org/maven2/org/scala-lang/modules/scala-parser-combinators_2.12/1.1.2/scala-parser-combinators_2.12-1.1.2.jar",
            "/Users/oajibode/.sbt/boot/scala-2.12.10/lib/scala-library.jar",
            "/Users/oajibode/Library/Caches/Coursier/v1/https/repo1.maven.org/maven2/com/squareup/okhttp3/okhttp-urlconnection/3.7.0/okhttp-urlconnection-3.7.0.jar",
            "/Users/oajibode/Library/Caches/Coursier/v1/https/repo1.maven.org/maven2/com/eed3si9n/shaded-scalajson_2.12/1.0.0-M4/shaded-scalajson_2.12-1.0.0-M4.jar",
            "/Users/oajibode/Library/Caches/Coursier/v1/https/repo1.maven.org/maven2/org/scala-sbt/zinc-compile-core_2.12/1.3.1/zinc-compile-core_2.12-1.3.1.jar",
            "/Users/oajibode/Library/Caches/Coursier/v1/https/repo1.maven.org/maven2/org/scala-sbt/main_2.12/1.3.3/main_2.12-1.3.3.jar",
            "/Users/oajibode/Library/Caches/Coursier/v1/https/repo1.maven.org/maven2/org/scala-sbt/collections_2.12/1.3.3/collections_2.12-1.3.3.jar",
            "/Users/oajibode/Library/Caches/Coursier/v1/https/repo1.maven.org/maven2/com/lihaoyi/fastparse-utils_2.12/0.4.2/fastparse-utils_2.12-0.4.2.jar",
            "/Users/oajibode/Library/Caches/Coursier/v1/https/repo1.maven.org/maven2/io/circe/circe-derivation_2.12/0.9.0-M3/circe-derivation_2.12-0.9.0-M3.jar",
            "/Users/oajibode/Library/Caches/Coursier/v1/https/repo1.maven.org/maven2/io/circe/circe-jawn_2.12/0.9.3/circe-jawn_2.12-0.9.3.jar",
            "/Users/oajibode/Library/Caches/Coursier/v1/https/repo1.maven.org/maven2/org/scala-sbt/compiler-bridge_2.12/1.3.1/compiler-bridge_2.12-1.3.1.jar",
            "/Users/oajibode/Library/Caches/Coursier/v1/https/repo1.maven.org/maven2/com/typesafe/ssl-config-core_2.12/0.4.0/ssl-config-core_2.12-0.4.0.jar",
            "/Users/oajibode/Library/Caches/Coursier/v1/https/repo1.maven.org/maven2/ch/epfl/scala/sbt-bloop_2.12_1.0/1.3.2/sbt-bloop-1.3.2.jar",
            "/Users/oajibode/Library/Caches/Coursier/v1/https/repo1.maven.org/maven2/org/scala-sbt/command_2.12/1.3.3/command_2.12-1.3.3.jar",
            "/Users/oajibode/Library/Caches/Coursier/v1/https/repo1.maven.org/maven2/com/eed3si9n/sjson-new-murmurhash_2.12/0.8.3/sjson-new-murmurhash_2.12-0.8.3.jar",
            "/Users/oajibode/Library/Caches/Coursier/v1/https/repo1.maven.org/maven2/org/scala-sbt/zinc-core_2.12/1.3.1/zinc-core_2.12-1.3.1.jar",
            "/Users/oajibode/Library/Caches/Coursier/v1/https/repo1.maven.org/maven2/org/scala-sbt/util-interface/1.3.2/util-interface-1.3.2.jar",
            "/Users/oajibode/Library/Caches/Coursier/v1/https/repo1.maven.org/maven2/org/scala-sbt/launcher-interface/1.1.3/launcher-interface-1.1.3.jar",
            "/Users/oajibode/Library/Caches/Coursier/v1/https/repo1.maven.org/maven2/org/scala-sbt/main-settings_2.12/1.3.3/main-settings_2.12-1.3.3.jar",
            "/Users/oajibode/Library/Caches/Coursier/v1/https/repo1.maven.org/maven2/com/github/ben-manes/caffeine/caffeine/2.5.6/caffeine-2.5.6.jar",
            "/Users/oajibode/Library/Caches/Coursier/v1/https/repo1.maven.org/maven2/org/typelevel/cats-kernel_2.12/1.0.1/cats-kernel_2.12-1.0.1.jar",
            "/Users/oajibode/Library/Caches/Coursier/v1/https/repo1.maven.org/maven2/org/typelevel/cats-core_2.12/1.0.1/cats-core_2.12-1.0.1.jar",
            "/Users/oajibode/Library/Caches/Coursier/v1/https/repo1.maven.org/maven2/org/scala-sbt/test-interface/1.0/test-interface-1.0.jar",
            "/Users/oajibode/Library/Caches/Coursier/v1/https/repo1.maven.org/maven2/org/scala-sbt/zinc_2.12/1.3.1/zinc_2.12-1.3.1.jar",
            "/Users/oajibode/Library/Caches/Coursier/v1/https/repo1.maven.org/maven2/com/github/cb372/scalacache-core_2.12/0.20.0/scalacache-core_2.12-0.20.0.jar",
            "/Users/oajibode/Library/Caches/Coursier/v1/https/repo1.maven.org/maven2/org/scala-sbt/sbinary_2.12/0.5.0/sbinary_2.12-0.5.0.jar",
            "/Users/oajibode/Library/Caches/Coursier/v1/https/repo1.maven.org/maven2/com/github/cb372/scalacache-caffeine_2.12/0.20.0/scalacache-caffeine_2.12-0.20.0.jar",
            "/Users/oajibode/Library/Caches/Coursier/v1/https/repo1.maven.org/maven2/org/scala-sbt/logic_2.12/1.3.3/logic_2.12-1.3.3.jar",
            "/Users/oajibode/Library/Caches/Coursier/v1/https/repo1.maven.org/maven2/io/circe/circe-numbers_2.12/0.9.3/circe-numbers_2.12-0.9.3.jar",
            "/Users/oajibode/Library/Caches/Coursier/v1/https/repo1.maven.org/maven2/com/jcraft/jsch/0.1.54/jsch-0.1.54.jar",
            "/Users/oajibode/Library/Caches/Coursier/v1/https/repo1.maven.org/maven2/io/get-coursier/lm-coursier-shaded_2.12/2.0.0-RC3-4/lm-coursier-shaded_2.12-2.0.0-RC3-4.jar",
            "/Users/oajibode/Library/Caches/Coursier/v1/https/repo1.maven.org/maven2/org/apache/logging/log4j/log4j-slf4j-impl/2.11.2/log4j-slf4j-impl-2.11.2.jar",
            "/Users/oajibode/Library/Caches/Coursier/v1/https/repo1.maven.org/maven2/org/scala-sbt/zinc-persist_2.12/1.3.1/zinc-persist_2.12-1.3.1.jar",
            "/Users/oajibode/Library/Caches/Coursier/v1/https/repo1.maven.org/maven2/org/scala-sbt/sbt/1.3.3/sbt-1.3.3.jar",
            "/Users/oajibode/Library/Caches/Coursier/v1/https/repo1.maven.org/maven2/io/circe/circe-parser_2.12/0.9.3/circe-parser_2.12-0.9.3.jar",
            "/Users/oajibode/Library/Caches/Coursier/v1/https/repo1.maven.org/maven2/org/scala-sbt/zinc-apiinfo_2.12/1.3.1/zinc-apiinfo_2.12-1.3.1.jar",
            "/Users/oajibode/Library/Caches/Coursier/v1/https/repo1.maven.org/maven2/jline/jline/2.14.6/jline-2.14.6.jar",
            "/Users/oajibode/Library/Caches/Coursier/v1/https/repo1.maven.org/maven2/org/scala-sbt/zinc-classpath_2.12/1.3.1/zinc-classpath_2.12-1.3.1.jar",
            "/Users/oajibode/Library/Caches/Coursier/v1/https/repo1.maven.org/maven2/com/swoval/file-tree-views/2.1.3/file-tree-views-2.1.3.jar",
            "/Users/oajibode/Library/Caches/Coursier/v1/https/repo1.maven.org/maven2/com/eed3si9n/gigahorse-core_2.12/0.5.0/gigahorse-core_2.12-0.5.0.jar",
            "/Users/oajibode/Library/Caches/Coursier/v1/https/repo1.maven.org/maven2/com/eed3si9n/sjson-new-scalajson_2.12/0.8.3/sjson-new-scalajson_2.12-0.8.3.jar",
            "/Users/oajibode/Library/Caches/Coursier/v1/https/repo1.maven.org/maven2/org/scala-sbt/io_2.12/1.3.1/io_2.12-1.3.1.jar",
            "/Users/oajibode/Library/Caches/Coursier/v1/https/repo1.maven.org/maven2/org/slf4j/slf4j-api/1.7.26/slf4j-api-1.7.26.jar",
            "/Users/oajibode/Library/Caches/Coursier/v1/https/repo1.maven.org/maven2/org/scala-lang/modules/scala-xml_2.12/1.2.0/scala-xml_2.12-1.2.0.jar",
            "/Users/oajibode/Library/Caches/Coursier/v1/https/repo1.maven.org/maven2/org/scala-sbt/completion_2.12/1.3.3/completion_2.12-1.3.3.jar",
            "/Users/oajibode/Library/Caches/Coursier/v1/https/repo1.maven.org/maven2/com/lmax/disruptor/3.4.2/disruptor-3.4.2.jar",
            "/Users/oajibode/Library/Caches/Coursier/v1/https/repo1.maven.org/maven2/org/scala-sbt/zinc-lm-integration_2.12/1.3.3/zinc-lm-integration_2.12-1.3.3.jar",
            "/Users/oajibode/Library/Caches/Coursier/v1/https/repo1.maven.org/maven2/org/scala-sbt/template-resolver/0.1/template-resolver-0.1.jar",
            "/Users/oajibode/Library/Caches/Coursier/v1/https/repo1.maven.org/maven2/com/lihaoyi/sourcecode_2.12/0.1.3/sourcecode_2.12-0.1.3.jar",
            "/Users/oajibode/Library/Caches/Coursier/v1/https/repo1.maven.org/maven2/org/scala-sbt/util-tracking_2.12/1.3.2/util-tracking_2.12-1.3.2.jar",
            "/Users/oajibode/Library/Caches/Coursier/v1/https/repo1.maven.org/maven2/org/scala-sbt/librarymanagement-core_2.12/1.3.0/librarymanagement-core_2.12-1.3.0.jar",
            "/Users/oajibode/Library/Caches/Coursier/v1/https/repo1.maven.org/maven2/io/circe/circe-core_2.12/0.9.3/circe-core_2.12-0.9.3.jar",
            "/Users/oajibode/Library/Caches/Coursier/v1/https/repo1.maven.org/maven2/org/scala-sbt/test-agent/1.3.3/test-agent-1.3.3.jar",
            "/Users/oajibode/Library/Caches/Coursier/v1/https/repo1.maven.org/maven2/org/scala-sbt/core-macros_2.12/1.3.3/core-macros_2.12-1.3.3.jar",
            "/Users/oajibode/Library/Caches/Coursier/v1/https/repo1.maven.org/maven2/org/apache/logging/log4j/log4j-core/2.11.2/log4j-core-2.11.2.jar",
            "/Users/oajibode/Library/Caches/Coursier/v1/https/repo1.maven.org/maven2/com/google/protobuf/protobuf-java/3.7.0/protobuf-java-3.7.0.jar",
            "/Users/oajibode/Library/Caches/Coursier/v1/https/repo1.maven.org/maven2/org/reactivestreams/reactive-streams/1.0.2/reactive-streams-1.0.2.jar",
            "/Users/oajibode/Library/Caches/Coursier/v1/https/repo1.maven.org/maven2/org/typelevel/cats-macros_2.12/1.0.1/cats-macros_2.12-1.0.1.jar",
            "/Users/oajibode/Library/Caches/Coursier/v1/https/repo1.maven.org/maven2/org/scala-sbt/util-logging_2.12/1.3.2/util-logging_2.12-1.3.2.jar",
            "/Users/oajibode/Library/Caches/Coursier/v1/https/repo1.maven.org/maven2/org/scala-sbt/util-cache_2.12/1.3.2/util-cache_2.12-1.3.2.jar",
            "/Users/oajibode/Library/Caches/Coursier/v1/https/repo1.maven.org/maven2/ch/epfl/scala/bloop-config_2.12/1.3.2/bloop-config_2.12-1.3.2.jar",
            "/Users/oajibode/Library/Caches/Coursier/v1/https/repo1.maven.org/maven2/org/apache/logging/log4j/log4j-api/2.11.2/log4j-api-2.11.2.jar",
            "/Users/oajibode/Library/Caches/Coursier/v1/https/repo1.maven.org/maven2/org/scala-sbt/zinc-compile_2.12/1.3.1/zinc-compile_2.12-1.3.1.jar",
            "/Users/oajibode/Library/Caches/Coursier/v1/https/repo1.maven.org/maven2/net/java/dev/jna/jna/4.5.0/jna-4.5.0.jar",
            "/Users/oajibode/Library/Caches/Coursier/v1/https/repo1.maven.org/maven2/org/scala-sbt/compiler-interface/1.3.1/compiler-interface-1.3.1.jar",
            "/Users/oajibode/Library/Caches/Coursier/v1/https/repo1.maven.org/maven2/org/scala-sbt/util-scripted_2.12/1.3.2/util-scripted_2.12-1.3.2.jar",
            "/Users/oajibode/Library/Caches/Coursier/v1/https/repo1.maven.org/maven2/com/trueaccord/lenses/lenses_2.12/0.4.12/lenses_2.12-0.4.12.jar",
            "/Users/oajibode/Library/Caches/Coursier/v1/https/repo1.maven.org/maven2/com/eed3si9n/gigahorse-okhttp_2.12/0.5.0/gigahorse-okhttp_2.12-0.5.0.jar",
            "/Users/oajibode/Library/Caches/Coursier/v1/https/repo1.maven.org/maven2/com/typesafe/config/1.3.3/config-1.3.3.jar",
            "/Users/oajibode/Library/Caches/Coursier/v1/https/repo1.maven.org/maven2/com/trueaccord/scalapb/scalapb-runtime_2.12/0.6.0/scalapb-runtime_2.12-0.6.0.jar",
            "/Users/oajibode/Library/Caches/Coursier/v1/https/repo1.maven.org/maven2/org/scala-sbt/zinc-classfile_2.12/1.3.1/zinc-classfile_2.12-1.3.1.jar",
            "/Users/oajibode/Library/Caches/Coursier/v1/https/repo1.maven.org/maven2/org/scala-sbt/tasks_2.12/1.3.3/tasks_2.12-1.3.3.jar",
            "/Users/oajibode/Library/Caches/Coursier/v1/https/repo1.maven.org/maven2/org/spire-math/jawn-parser_2.12/0.11.1/jawn-parser_2.12-0.11.1.jar",
            "/Users/oajibode/Library/Caches/Coursier/v1/https/repo1.maven.org/maven2/com/squareup/okhttp3/okhttp/3.14.2/okhttp-3.14.2.jar",
            "/Users/oajibode/Library/Caches/Coursier/v1/https/repo1.maven.org/maven2/org/scala-sbt/scripted-sbt-redux_2.12/1.3.3/scripted-sbt-redux_2.12-1.3.3.jar",
            "/Users/oajibode/Library/Caches/Coursier/v1/https/repo1.maven.org/maven2/org/scala-sbt/util-control_2.12/1.3.2/util-control_2.12-1.3.2.jar",
            "/Users/oajibode/Library/Caches/Coursier/v1/https/repo1.maven.org/maven2/org/scala-sbt/run_2.12/1.3.3/run_2.12-1.3.3.jar",
            "/Users/oajibode/Library/Caches/Coursier/v1/https/repo1.maven.org/maven2/org/scala-sbt/scripted-plugin_2.12/1.3.3/scripted-plugin_2.12-1.3.3.jar",
            "/Users/oajibode/.sbt/boot/scala-2.12.10/lib/scala-compiler.jar",
            "/Users/oajibode/Library/Caches/Coursier/v1/https/repo1.maven.org/maven2/com/eed3si9n/sjson-new-core_2.12/0.8.3/sjson-new-core_2.12-0.8.3.jar",
            "/Users/oajibode/Library/Caches/Coursier/v1/https/repo1.maven.org/maven2/org/scala-sbt/ipcsocket/ipcsocket/1.0.0/ipcsocket-1.0.0.jar",
            "/Users/oajibode/Library/Caches/Coursier/v1/https/repo1.maven.org/maven2/com/lihaoyi/fastparse_2.12/0.4.2/fastparse_2.12-0.4.2.jar",
            "/Users/oajibode/.sbt/boot/scala-2.12.10/lib/scala-reflect.jar",
            "/Users/oajibode/Library/Caches/Coursier/v1/https/repo1.maven.org/maven2/org/scalameta/sbt-metals_2.12_1.0/0.7.6/sbt-metals-0.7.6.jar",
            "/Users/oajibode/Library/Caches/Coursier/v1/https/repo1.maven.org/maven2/net/java/dev/jna/jna-platform/4.5.0/jna-platform-4.5.0.jar"
        ],
        "out" : "/Users/oajibode/devbox/personals/packt/scalabox/experto/project/.bloop/experto-build",
        "classesDir" : "/Users/oajibode/devbox/personals/packt/scalabox/experto/project/.bloop/experto-build/scala-2.12/sbt-1.0/classes",
        "resources" : [
            "/Users/oajibode/devbox/personals/packt/scalabox/experto/project/src/main/resources",
            "/Users/oajibode/devbox/personals/packt/scalabox/experto/project/target/scala-2.12/sbt-1.0/resource_managed/main"
        ],
        "scala" : {
            "organization" : "org.scala-lang",
            "name" : "scala-compiler",
            "version" : "2.12.10",
            "options" : [
                "-deprecation"
            ],
            "jars" : [
                "/Users/oajibode/.sbt/boot/scala-2.12.10/lib/scala-library.jar",
                "/Users/oajibode/.sbt/boot/scala-2.12.10/lib/scala-compiler.jar",
                "/Users/oajibode/.sbt/boot/scala-2.12.10/lib/jline.jar",
                "/Users/oajibode/.sbt/boot/scala-2.12.10/lib/scala-reflect.jar",
                "/Users/oajibode/.sbt/boot/scala-2.12.10/lib/jansi.jar",
                "/Users/oajibode/.sbt/boot/scala-2.12.10/lib/scala-xml_2.12.jar"
            ],
            "setup" : {
                "order" : "mixed",
                "addLibraryToBootClasspath" : true,
                "addCompilerToClasspath" : false,
                "addExtraJarsToClasspath" : false,
                "manageBootClasspath" : true,
                "filterLibraryFromClasspath" : true
            }
        },
        "java" : {
            "options" : [
            ]
        },
        "sbt" : {
            "sbtVersion" : "1.3.3",
            "autoImports" : [
                "import _root_.scala.xml.{TopScope=>$scope}",
                "import _root_.sbt._",
                "import _root_.sbt.Keys._",
                "import _root_.sbt.nio.Keys._",
                "import _root_.sbt.ScriptedPlugin.autoImport._, _root_.bloop.integrations.sbt.BloopPlugin.autoImport._",
                "import _root_.sbt.plugins.IvyPlugin, _root_.sbt.plugins.JvmPlugin, _root_.sbt.plugins.CorePlugin, _root_.sbt.ScriptedPlugin, _root_.sbt.plugins.SbtPlugin, _root_.sbt.plugins.SemanticdbPlugin, _root_.sbt.plugins.JUnitXmlReportPlugin, _root_.sbt.plugins.Giter8TemplatePlugin, _root_.bloop.integrations.sbt.BloopPlugin, _root_.scala.meta.metals.MetalsPlugin"
            ]
        },
        "test" : {
            "frameworks" : [
                {
                    "names" : [
                        "org.scalacheck.ScalaCheckFramework"
                    ]
                },
                {
                    "names" : [
                        "org.specs2.runner.Specs2Framework",
                        "org.specs2.runner.SpecsFramework"
                    ]
                },
                {
                    "names" : [
                        "org.specs.runner.SpecsFramework"
                    ]
                },
                {
                    "names" : [
                        "org.scalatest.tools.Framework",
                        "org.scalatest.tools.ScalaTestFramework"
                    ]
                },
                {
                    "names" : [
                        "com.novocode.junit.JUnitFramework"
                    ]
                }
            ],
            "options" : {
                "excludes" : [
                ],
                "arguments" : [
                ]
            }
        },
        "platform" : {
            "name" : "jvm",
            "config" : {
                "home" : "/Users/oajibode/.sdkman/candidates/java/8.0.222.hs-adpt/jre",
                "options" : [
                ]
            },
            "mainClass" : [
            ]
        },
        "resolution" : {
            "modules" : [
                {
                    "organization" : "org.typelevel",
                    "name" : "machinist_2.12",
                    "version" : "0.6.2",
                    "configurations" : "default",
                    "artifacts" : [
                        {
                            "name" : "machinist_2.12",
                            "checksum" : {
                                "type" : "sha1",
                                "digest" : "a0e8521deafd0d24c18460104eee6ce4c679c779"
                            },
                            "path" : "/Users/oajibode/Library/Caches/Coursier/v1/https/repo1.maven.org/maven2/org/typelevel/machinist_2.12/0.6.2/machinist_2.12-0.6.2.jar"
                        }
                    ]
                },
                {
                    "organization" : "org.scala-lang",
                    "name" : "scala-library",
                    "version" : "2.12.10",
                    "configurations" : "default",
                    "artifacts" : [
                        {
                            "name" : "scala-library",
                            "path" : "/Users/oajibode/.sbt/boot/scala-2.12.10/lib/scala-library.jar"
                        }
                    ]
                },
                {
                    "organization" : "io.circe",
                    "name" : "circe-derivation_2.12",
                    "version" : "0.9.0-M3",
                    "configurations" : "default",
                    "artifacts" : [
                        {
                            "name" : "circe-derivation_2.12",
                            "path" : "/Users/oajibode/Library/Caches/Coursier/v1/https/repo1.maven.org/maven2/io/circe/circe-derivation_2.12/0.9.0-M3/circe-derivation_2.12-0.9.0-M3.jar"
                        }
                    ]
                },
                {
                    "organization" : "io.circe",
                    "name" : "circe-jawn_2.12",
                    "version" : "0.9.3",
                    "configurations" : "default",
                    "artifacts" : [
                        {
                            "name" : "circe-jawn_2.12",
                            "checksum" : {
                                "type" : "sha1",
                                "digest" : "8462d202404f578f09cc9b89d7dca57dd94b09e5"
                            },
                            "path" : "/Users/oajibode/Library/Caches/Coursier/v1/https/repo1.maven.org/maven2/io/circe/circe-jawn_2.12/0.9.3/circe-jawn_2.12-0.9.3.jar"
                        }
                    ]
                },
                {
                    "organization" : "ch.epfl.scala",
                    "name" : "sbt-bloop",
                    "version" : "1.3.2",
                    "configurations" : "default",
                    "artifacts" : [
                        {
                            "name" : "sbt-bloop",
                            "path" : "/Users/oajibode/Library/Caches/Coursier/v1/https/repo1.maven.org/maven2/ch/epfl/scala/sbt-bloop_2.12_1.0/1.3.2/sbt-bloop-1.3.2.jar"
                        }
                    ]
                },
                {
                    "organization" : "org.typelevel",
                    "name" : "cats-kernel_2.12",
                    "version" : "1.0.1",
                    "configurations" : "default",
                    "artifacts" : [
                        {
                            "name" : "cats-kernel_2.12",
                            "path" : "/Users/oajibode/Library/Caches/Coursier/v1/https/repo1.maven.org/maven2/org/typelevel/cats-kernel_2.12/1.0.1/cats-kernel_2.12-1.0.1.jar"
                        }
                    ]
                },
                {
                    "organization" : "org.typelevel",
                    "name" : "cats-core_2.12",
                    "version" : "1.0.1",
                    "configurations" : "default",
                    "artifacts" : [
                        {
                            "name" : "cats-core_2.12",
                            "path" : "/Users/oajibode/Library/Caches/Coursier/v1/https/repo1.maven.org/maven2/org/typelevel/cats-core_2.12/1.0.1/cats-core_2.12-1.0.1.jar"
                        }
                    ]
                },
                {
                    "organization" : "io.circe",
                    "name" : "circe-numbers_2.12",
                    "version" : "0.9.3",
                    "configurations" : "default",
                    "artifacts" : [
                        {
                            "name" : "circe-numbers_2.12",
                            "checksum" : {
                                "type" : "sha1",
                                "digest" : "e8b931a2a2438d9ba84ff5ecbfb2a4ac7249b0d8"
                            },
                            "path" : "/Users/oajibode/Library/Caches/Coursier/v1/https/repo1.maven.org/maven2/io/circe/circe-numbers_2.12/0.9.3/circe-numbers_2.12-0.9.3.jar"
                        }
                    ]
                },
                {
                    "organization" : "io.circe",
                    "name" : "circe-parser_2.12",
                    "version" : "0.9.3",
                    "configurations" : "default",
                    "artifacts" : [
                        {
                            "name" : "circe-parser_2.12",
                            "checksum" : {
                                "type" : "sha1",
                                "digest" : "9af9ad5e8a2027a7d93a2b21578f727f73f55d79"
                            },
                            "path" : "/Users/oajibode/Library/Caches/Coursier/v1/https/repo1.maven.org/maven2/io/circe/circe-parser_2.12/0.9.3/circe-parser_2.12-0.9.3.jar"
                        }
                    ]
                },
                {
                    "organization" : "io.circe",
                    "name" : "circe-core_2.12",
                    "version" : "0.9.3",
                    "configurations" : "default",
                    "artifacts" : [
                        {
                            "name" : "circe-core_2.12",
                            "checksum" : {
                                "type" : "sha1",
                                "digest" : "f4f8674788f571d840ed98fabf3237f72c86d1f0"
                            },
                            "path" : "/Users/oajibode/Library/Caches/Coursier/v1/https/repo1.maven.org/maven2/io/circe/circe-core_2.12/0.9.3/circe-core_2.12-0.9.3.jar"
                        }
                    ]
                },
                {
                    "organization" : "org.typelevel",
                    "name" : "cats-macros_2.12",
                    "version" : "1.0.1",
                    "configurations" : "default",
                    "artifacts" : [
                        {
                            "name" : "cats-macros_2.12",
                            "path" : "/Users/oajibode/Library/Caches/Coursier/v1/https/repo1.maven.org/maven2/org/typelevel/cats-macros_2.12/1.0.1/cats-macros_2.12-1.0.1.jar"
                        }
                    ]
                },
                {
                    "organization" : "ch.epfl.scala",
                    "name" : "bloop-config_2.12",
                    "version" : "1.3.2",
                    "configurations" : "default",
                    "artifacts" : [
                        {
                            "name" : "bloop-config_2.12",
                            "checksum" : {
                                "type" : "sha1",
                                "digest" : "f2dd8d86a5093d4c47b09c50144583d112e1962d"
                            },
                            "path" : "/Users/oajibode/Library/Caches/Coursier/v1/https/repo1.maven.org/maven2/ch/epfl/scala/bloop-config_2.12/1.3.2/bloop-config_2.12-1.3.2.jar"
                        }
                    ]
                },
                {
                    "organization" : "org.spire-math",
                    "name" : "jawn-parser_2.12",
                    "version" : "0.11.1",
                    "configurations" : "default",
                    "artifacts" : [
                        {
                            "name" : "jawn-parser_2.12",
                            "checksum" : {
                                "type" : "sha1",
                                "digest" : "e49f4a6294af0821d5348ad9f89a5ce8455fc1b3"
                            },
                            "path" : "/Users/oajibode/Library/Caches/Coursier/v1/https/repo1.maven.org/maven2/org/spire-math/jawn-parser_2.12/0.11.1/jawn-parser_2.12-0.11.1.jar"
                        }
                    ]
                },
                {
                    "organization" : "org.scala-lang",
                    "name" : "scala-reflect",
                    "version" : "2.12.10",
                    "configurations" : "default",
                    "artifacts" : [
                        {
                            "name" : "scala-reflect",
                            "path" : "/Users/oajibode/.sbt/boot/scala-2.12.10/lib/scala-reflect.jar"
                        }
                    ]
                },
                {
                    "organization" : "org.scalameta",
                    "name" : "sbt-metals",
                    "version" : "0.7.6",
                    "configurations" : "default",
                    "artifacts" : [
                        {
                            "name" : "sbt-metals",
                            "path" : "/Users/oajibode/Library/Caches/Coursier/v1/https/repo1.maven.org/maven2/org/scalameta/sbt-metals_2.12_1.0/0.7.6/sbt-metals-0.7.6.jar"
                        }
                    ]
                },
                {
                    "organization" : "org.scala-sbt",
                    "name" : "protocol_2.12",
                    "version" : "1.3.3",
                    "configurations" : "default",
                    "artifacts" : [
                        {
                            "name" : "protocol_2.12",
                            "path" : "/Users/oajibode/Library/Caches/Coursier/v1/https/repo1.maven.org/maven2/org/scala-sbt/protocol_2.12/1.3.3/protocol_2.12-1.3.3.jar"
                        }
                    ]
                },
                {
                    "organization" : "org.scala-sbt",
                    "name" : "util-position_2.12",
                    "version" : "1.3.2",
                    "configurations" : "default",
                    "artifacts" : [
                        {
                            "name" : "util-position_2.12",
                            "path" : "/Users/oajibode/Library/Caches/Coursier/v1/https/repo1.maven.org/maven2/org/scala-sbt/util-position_2.12/1.3.2/util-position_2.12-1.3.2.jar"
                        }
                    ]
                },
                {
                    "organization" : "org.scala-sbt",
                    "name" : "actions_2.12",
                    "version" : "1.3.3",
                    "configurations" : "default",
                    "artifacts" : [
                        {
                            "name" : "actions_2.12",
                            "path" : "/Users/oajibode/Library/Caches/Coursier/v1/https/repo1.maven.org/maven2/org/scala-sbt/actions_2.12/1.3.3/actions_2.12-1.3.3.jar"
                        }
                    ]
                },
                {
                    "organization" : "org.scala-sbt.ivy",
                    "name" : "ivy",
                    "version" : "2.3.0-sbt-cb9cc189e9f3af519f9f102e6c5d446488ff6832",
                    "configurations" : "default",
                    "artifacts" : [
                        {
                            "name" : "ivy",
                            "path" : "/Users/oajibode/Library/Caches/Coursier/v1/https/repo1.maven.org/maven2/org/scala-sbt/ivy/ivy/2.3.0-sbt-cb9cc189e9f3af519f9f102e6c5d446488ff6832/ivy-2.3.0-sbt-cb9cc189e9f3af519f9f102e6c5d446488ff6832.jar"
                        }
                    ]
                },
                {
                    "organization" : "org.scala-sbt",
                    "name" : "util-relation_2.12",
                    "version" : "1.3.2",
                    "configurations" : "default",
                    "artifacts" : [
                        {
                            "name" : "util-relation_2.12",
                            "path" : "/Users/oajibode/Library/Caches/Coursier/v1/https/repo1.maven.org/maven2/org/scala-sbt/util-relation_2.12/1.3.2/util-relation_2.12-1.3.2.jar"
                        }
                    ]
                },
                {
                    "organization" : "org.scala-sbt",
                    "name" : "testing_2.12",
                    "version" : "1.3.3",
                    "configurations" : "default",
                    "artifacts" : [
                        {
                            "name" : "testing_2.12",
                            "path" : "/Users/oajibode/Library/Caches/Coursier/v1/https/repo1.maven.org/maven2/org/scala-sbt/testing_2.12/1.3.3/testing_2.12-1.3.3.jar"
                        }
                    ]
                },
                {
                    "organization" : "org.scala-sbt",
                    "name" : "librarymanagement-ivy_2.12",
                    "version" : "1.3.0",
                    "configurations" : "default",
                    "artifacts" : [
                        {
                            "name" : "librarymanagement-ivy_2.12",
                            "path" : "/Users/oajibode/Library/Caches/Coursier/v1/https/repo1.maven.org/maven2/org/scala-sbt/librarymanagement-ivy_2.12/1.3.0/librarymanagement-ivy_2.12-1.3.0.jar"
                        }
                    ]
                },
                {
                    "organization" : "org.scala-sbt",
                    "name" : "task-system_2.12",
                    "version" : "1.3.3",
                    "configurations" : "default",
                    "artifacts" : [
                        {
                            "name" : "task-system_2.12",
                            "path" : "/Users/oajibode/Library/Caches/Coursier/v1/https/repo1.maven.org/maven2/org/scala-sbt/task-system_2.12/1.3.3/task-system_2.12-1.3.3.jar"
                        }
                    ]
                },
                {
                    "organization" : "com.squareup.okio",
                    "name" : "okio",
                    "version" : "1.17.2",
                    "configurations" : "default",
                    "artifacts" : [
                        {
                            "name" : "okio",
                            "path" : "/Users/oajibode/Library/Caches/Coursier/v1/https/repo1.maven.org/maven2/com/squareup/okio/okio/1.17.2/okio-1.17.2.jar"
                        }
                    ]
                },
                {
                    "organization" : "org.scala-lang.modules",
                    "name" : "scala-parser-combinators_2.12",
                    "version" : "1.1.2",
                    "configurations" : "default",
                    "artifacts" : [
                        {
                            "name" : "scala-parser-combinators_2.12",
                            "path" : "/Users/oajibode/Library/Caches/Coursier/v1/https/repo1.maven.org/maven2/org/scala-lang/modules/scala-parser-combinators_2.12/1.1.2/scala-parser-combinators_2.12-1.1.2.jar"
                        }
                    ]
                },
                {
                    "organization" : "com.squareup.okhttp3",
                    "name" : "okhttp-urlconnection",
                    "version" : "3.7.0",
                    "configurations" : "default",
                    "artifacts" : [
                        {
                            "name" : "okhttp-urlconnection",
                            "checksum" : {
                                "type" : "sha1",
                                "digest" : "22c61dda6d7e63a7325932c85b0a3412443b1f5a"
                            },
                            "path" : "/Users/oajibode/Library/Caches/Coursier/v1/https/repo1.maven.org/maven2/com/squareup/okhttp3/okhttp-urlconnection/3.7.0/okhttp-urlconnection-3.7.0.jar"
                        }
                    ]
                },
                {
                    "organization" : "com.eed3si9n",
                    "name" : "shaded-scalajson_2.12",
                    "version" : "1.0.0-M4",
                    "configurations" : "default",
                    "artifacts" : [
                        {
                            "name" : "shaded-scalajson_2.12",
                            "checksum" : {
                                "type" : "sha1",
                                "digest" : "10f27db4bc3b0c0c1a5c9a28a67f84995a2c3013"
                            },
                            "path" : "/Users/oajibode/Library/Caches/Coursier/v1/https/repo1.maven.org/maven2/com/eed3si9n/shaded-scalajson_2.12/1.0.0-M4/shaded-scalajson_2.12-1.0.0-M4.jar"
                        }
                    ]
                },
                {
                    "organization" : "org.scala-sbt",
                    "name" : "zinc-compile-core_2.12",
                    "version" : "1.3.1",
                    "configurations" : "default",
                    "artifacts" : [
                        {
                            "name" : "zinc-compile-core_2.12",
                            "path" : "/Users/oajibode/Library/Caches/Coursier/v1/https/repo1.maven.org/maven2/org/scala-sbt/zinc-compile-core_2.12/1.3.1/zinc-compile-core_2.12-1.3.1.jar"
                        }
                    ]
                },
                {
                    "organization" : "org.scala-sbt",
                    "name" : "main_2.12",
                    "version" : "1.3.3",
                    "configurations" : "default",
                    "artifacts" : [
                        {
                            "name" : "main_2.12",
                            "path" : "/Users/oajibode/Library/Caches/Coursier/v1/https/repo1.maven.org/maven2/org/scala-sbt/main_2.12/1.3.3/main_2.12-1.3.3.jar"
                        }
                    ]
                },
                {
                    "organization" : "org.scala-sbt",
                    "name" : "collections_2.12",
                    "version" : "1.3.3",
                    "configurations" : "default",
                    "artifacts" : [
                        {
                            "name" : "collections_2.12",
                            "path" : "/Users/oajibode/Library/Caches/Coursier/v1/https/repo1.maven.org/maven2/org/scala-sbt/collections_2.12/1.3.3/collections_2.12-1.3.3.jar"
                        }
                    ]
                },
                {
                    "organization" : "com.lihaoyi",
                    "name" : "fastparse-utils_2.12",
                    "version" : "0.4.2",
                    "configurations" : "default",
                    "artifacts" : [
                        {
                            "name" : "fastparse-utils_2.12",
                            "path" : "/Users/oajibode/Library/Caches/Coursier/v1/https/repo1.maven.org/maven2/com/lihaoyi/fastparse-utils_2.12/0.4.2/fastparse-utils_2.12-0.4.2.jar"
                        }
                    ]
                },
                {
                    "organization" : "org.scala-sbt",
                    "name" : "compiler-bridge_2.12",
                    "version" : "1.3.1",
                    "configurations" : "default",
                    "artifacts" : [
                        {
                            "name" : "compiler-bridge_2.12",
                            "path" : "/Users/oajibode/Library/Caches/Coursier/v1/https/repo1.maven.org/maven2/org/scala-sbt/compiler-bridge_2.12/1.3.1/compiler-bridge_2.12-1.3.1.jar"
                        }
                    ]
                },
                {
                    "organization" : "com.typesafe",
                    "name" : "ssl-config-core_2.12",
                    "version" : "0.4.0",
                    "configurations" : "default",
                    "artifacts" : [
                        {
                            "name" : "ssl-config-core_2.12",
                            "path" : "/Users/oajibode/Library/Caches/Coursier/v1/https/repo1.maven.org/maven2/com/typesafe/ssl-config-core_2.12/0.4.0/ssl-config-core_2.12-0.4.0.jar"
                        }
                    ]
                },
                {
                    "organization" : "org.scala-sbt",
                    "name" : "command_2.12",
                    "version" : "1.3.3",
                    "configurations" : "default",
                    "artifacts" : [
                        {
                            "name" : "command_2.12",
                            "path" : "/Users/oajibode/Library/Caches/Coursier/v1/https/repo1.maven.org/maven2/org/scala-sbt/command_2.12/1.3.3/command_2.12-1.3.3.jar"
                        }
                    ]
                },
                {
                    "organization" : "com.eed3si9n",
                    "name" : "sjson-new-murmurhash_2.12",
                    "version" : "0.8.3",
                    "configurations" : "default",
                    "artifacts" : [
                        {
                            "name" : "sjson-new-murmurhash_2.12",
                            "path" : "/Users/oajibode/Library/Caches/Coursier/v1/https/repo1.maven.org/maven2/com/eed3si9n/sjson-new-murmurhash_2.12/0.8.3/sjson-new-murmurhash_2.12-0.8.3.jar"
                        }
                    ]
                },
                {
                    "organization" : "org.scala-sbt",
                    "name" : "zinc-core_2.12",
                    "version" : "1.3.1",
                    "configurations" : "default",
                    "artifacts" : [
                        {
                            "name" : "zinc-core_2.12",
                            "path" : "/Users/oajibode/Library/Caches/Coursier/v1/https/repo1.maven.org/maven2/org/scala-sbt/zinc-core_2.12/1.3.1/zinc-core_2.12-1.3.1.jar"
                        }
                    ]
                },
                {
                    "organization" : "org.scala-sbt",
                    "name" : "util-interface",
                    "version" : "1.3.2",
                    "configurations" : "default",
                    "artifacts" : [
                        {
                            "name" : "util-interface",
                            "path" : "/Users/oajibode/Library/Caches/Coursier/v1/https/repo1.maven.org/maven2/org/scala-sbt/util-interface/1.3.2/util-interface-1.3.2.jar"
                        }
                    ]
                },
                {
                    "organization" : "org.scala-sbt",
                    "name" : "launcher-interface",
                    "version" : "1.1.3",
                    "configurations" : "default",
                    "artifacts" : [
                        {
                            "name" : "launcher-interface",
                            "path" : "/Users/oajibode/Library/Caches/Coursier/v1/https/repo1.maven.org/maven2/org/scala-sbt/launcher-interface/1.1.3/launcher-interface-1.1.3.jar"
                        }
                    ]
                },
                {
                    "organization" : "org.scala-sbt",
                    "name" : "main-settings_2.12",
                    "version" : "1.3.3",
                    "configurations" : "default",
                    "artifacts" : [
                        {
                            "name" : "main-settings_2.12",
                            "path" : "/Users/oajibode/Library/Caches/Coursier/v1/https/repo1.maven.org/maven2/org/scala-sbt/main-settings_2.12/1.3.3/main-settings_2.12-1.3.3.jar"
                        }
                    ]
                },
                {
                    "organization" : "com.github.ben-manes.caffeine",
                    "name" : "caffeine",
                    "version" : "2.5.6",
                    "configurations" : "default",
                    "artifacts" : [
                        {
                            "name" : "caffeine",
                            "path" : "/Users/oajibode/Library/Caches/Coursier/v1/https/repo1.maven.org/maven2/com/github/ben-manes/caffeine/caffeine/2.5.6/caffeine-2.5.6.jar"
                        }
                    ]
                },
                {
                    "organization" : "org.scala-sbt",
                    "name" : "test-interface",
                    "version" : "1.0",
                    "configurations" : "default",
                    "artifacts" : [
                        {
                            "name" : "test-interface",
                            "checksum" : {
                                "type" : "sha1",
                                "digest" : "0a3f14d010c4cb32071f863d97291df31603b521"
                            },
                            "path" : "/Users/oajibode/Library/Caches/Coursier/v1/https/repo1.maven.org/maven2/org/scala-sbt/test-interface/1.0/test-interface-1.0.jar"
                        }
                    ]
                },
                {
                    "organization" : "org.scala-sbt",
                    "name" : "zinc_2.12",
                    "version" : "1.3.1",
                    "configurations" : "default",
                    "artifacts" : [
                        {
                            "name" : "zinc_2.12",
                            "path" : "/Users/oajibode/Library/Caches/Coursier/v1/https/repo1.maven.org/maven2/org/scala-sbt/zinc_2.12/1.3.1/zinc_2.12-1.3.1.jar"
                        }
                    ]
                },
                {
                    "organization" : "com.github.cb372",
                    "name" : "scalacache-core_2.12",
                    "version" : "0.20.0",
                    "configurations" : "default",
                    "artifacts" : [
                        {
                            "name" : "scalacache-core_2.12",
                            "path" : "/Users/oajibode/Library/Caches/Coursier/v1/https/repo1.maven.org/maven2/com/github/cb372/scalacache-core_2.12/0.20.0/scalacache-core_2.12-0.20.0.jar"
                        }
                    ]
                },
                {
                    "organization" : "org.scala-sbt",
                    "name" : "sbinary_2.12",
                    "version" : "0.5.0",
                    "configurations" : "default",
                    "artifacts" : [
                        {
                            "name" : "sbinary_2.12",
                            "path" : "/Users/oajibode/Library/Caches/Coursier/v1/https/repo1.maven.org/maven2/org/scala-sbt/sbinary_2.12/0.5.0/sbinary_2.12-0.5.0.jar"
                        }
                    ]
                },
                {
                    "organization" : "com.github.cb372",
                    "name" : "scalacache-caffeine_2.12",
                    "version" : "0.20.0",
                    "configurations" : "default",
                    "artifacts" : [
                        {
                            "name" : "scalacache-caffeine_2.12",
                            "path" : "/Users/oajibode/Library/Caches/Coursier/v1/https/repo1.maven.org/maven2/com/github/cb372/scalacache-caffeine_2.12/0.20.0/scalacache-caffeine_2.12-0.20.0.jar"
                        }
                    ]
                },
                {
                    "organization" : "org.scala-sbt",
                    "name" : "logic_2.12",
                    "version" : "1.3.3",
                    "configurations" : "default",
                    "artifacts" : [
                        {
                            "name" : "logic_2.12",
                            "path" : "/Users/oajibode/Library/Caches/Coursier/v1/https/repo1.maven.org/maven2/org/scala-sbt/logic_2.12/1.3.3/logic_2.12-1.3.3.jar"
                        }
                    ]
                },
                {
                    "organization" : "com.jcraft",
                    "name" : "jsch",
                    "version" : "0.1.54",
                    "configurations" : "default",
                    "artifacts" : [
                        {
                            "name" : "jsch",
                            "path" : "/Users/oajibode/Library/Caches/Coursier/v1/https/repo1.maven.org/maven2/com/jcraft/jsch/0.1.54/jsch-0.1.54.jar"
                        }
                    ]
                },
                {
                    "organization" : "io.get-coursier",
                    "name" : "lm-coursier-shaded_2.12",
                    "version" : "2.0.0-RC3-4",
                    "configurations" : "default",
                    "artifacts" : [
                        {
                            "name" : "lm-coursier-shaded_2.12",
                            "path" : "/Users/oajibode/Library/Caches/Coursier/v1/https/repo1.maven.org/maven2/io/get-coursier/lm-coursier-shaded_2.12/2.0.0-RC3-4/lm-coursier-shaded_2.12-2.0.0-RC3-4.jar"
                        }
                    ]
                },
                {
                    "organization" : "org.apache.logging.log4j",
                    "name" : "log4j-slf4j-impl",
                    "version" : "2.11.2",
                    "configurations" : "default",
                    "artifacts" : [
                        {
                            "name" : "log4j-slf4j-impl",
                            "path" : "/Users/oajibode/Library/Caches/Coursier/v1/https/repo1.maven.org/maven2/org/apache/logging/log4j/log4j-slf4j-impl/2.11.2/log4j-slf4j-impl-2.11.2.jar"
                        }
                    ]
                },
                {
                    "organization" : "org.scala-sbt",
                    "name" : "zinc-persist_2.12",
                    "version" : "1.3.1",
                    "configurations" : "default",
                    "artifacts" : [
                        {
                            "name" : "zinc-persist_2.12",
                            "path" : "/Users/oajibode/Library/Caches/Coursier/v1/https/repo1.maven.org/maven2/org/scala-sbt/zinc-persist_2.12/1.3.1/zinc-persist_2.12-1.3.1.jar"
                        }
                    ]
                },
                {
                    "organization" : "org.scala-sbt",
                    "name" : "sbt",
                    "version" : "1.3.3",
                    "configurations" : "default",
                    "artifacts" : [
                        {
                            "name" : "sbt",
                            "path" : "/Users/oajibode/Library/Caches/Coursier/v1/https/repo1.maven.org/maven2/org/scala-sbt/sbt/1.3.3/sbt-1.3.3.jar"
                        }
                    ]
                },
                {
                    "organization" : "org.scala-sbt",
                    "name" : "zinc-apiinfo_2.12",
                    "version" : "1.3.1",
                    "configurations" : "default",
                    "artifacts" : [
                        {
                            "name" : "zinc-apiinfo_2.12",
                            "path" : "/Users/oajibode/Library/Caches/Coursier/v1/https/repo1.maven.org/maven2/org/scala-sbt/zinc-apiinfo_2.12/1.3.1/zinc-apiinfo_2.12-1.3.1.jar"
                        }
                    ]
                },
                {
                    "organization" : "jline",
                    "name" : "jline",
                    "version" : "2.14.6",
                    "configurations" : "default",
                    "artifacts" : [
                        {
                            "name" : "jline",
                            "path" : "/Users/oajibode/Library/Caches/Coursier/v1/https/repo1.maven.org/maven2/jline/jline/2.14.6/jline-2.14.6.jar"
                        }
                    ]
                },
                {
                    "organization" : "org.scala-sbt",
                    "name" : "zinc-classpath_2.12",
                    "version" : "1.3.1",
                    "configurations" : "default",
                    "artifacts" : [
                        {
                            "name" : "zinc-classpath_2.12",
                            "path" : "/Users/oajibode/Library/Caches/Coursier/v1/https/repo1.maven.org/maven2/org/scala-sbt/zinc-classpath_2.12/1.3.1/zinc-classpath_2.12-1.3.1.jar"
                        }
                    ]
                },
                {
                    "organization" : "com.swoval",
                    "name" : "file-tree-views",
                    "version" : "2.1.3",
                    "configurations" : "default",
                    "artifacts" : [
                        {
                            "name" : "file-tree-views",
                            "path" : "/Users/oajibode/Library/Caches/Coursier/v1/https/repo1.maven.org/maven2/com/swoval/file-tree-views/2.1.3/file-tree-views-2.1.3.jar"
                        }
                    ]
                },
                {
                    "organization" : "com.eed3si9n",
                    "name" : "gigahorse-core_2.12",
                    "version" : "0.5.0",
                    "configurations" : "default",
                    "artifacts" : [
                        {
                            "name" : "gigahorse-core_2.12",
                            "path" : "/Users/oajibode/Library/Caches/Coursier/v1/https/repo1.maven.org/maven2/com/eed3si9n/gigahorse-core_2.12/0.5.0/gigahorse-core_2.12-0.5.0.jar"
                        }
                    ]
                },
                {
                    "organization" : "com.eed3si9n",
                    "name" : "sjson-new-scalajson_2.12",
                    "version" : "0.8.3",
                    "configurations" : "default",
                    "artifacts" : [
                        {
                            "name" : "sjson-new-scalajson_2.12",
                            "path" : "/Users/oajibode/Library/Caches/Coursier/v1/https/repo1.maven.org/maven2/com/eed3si9n/sjson-new-scalajson_2.12/0.8.3/sjson-new-scalajson_2.12-0.8.3.jar"
                        }
                    ]
                },
                {
                    "organization" : "org.scala-sbt",
                    "name" : "io_2.12",
                    "version" : "1.3.1",
                    "configurations" : "default",
                    "artifacts" : [
                        {
                            "name" : "io_2.12",
                            "path" : "/Users/oajibode/Library/Caches/Coursier/v1/https/repo1.maven.org/maven2/org/scala-sbt/io_2.12/1.3.1/io_2.12-1.3.1.jar"
                        }
                    ]
                },
                {
                    "organization" : "org.slf4j",
                    "name" : "slf4j-api",
                    "version" : "1.7.26",
                    "configurations" : "default",
                    "artifacts" : [
                        {
                            "name" : "slf4j-api",
                            "checksum" : {
                                "type" : "sha1",
                                "digest" : "77100a62c2e6f04b53977b9f541044d7d722693d"
                            },
                            "path" : "/Users/oajibode/Library/Caches/Coursier/v1/https/repo1.maven.org/maven2/org/slf4j/slf4j-api/1.7.26/slf4j-api-1.7.26.jar"
                        }
                    ]
                },
                {
                    "organization" : "org.scala-lang.modules",
                    "name" : "scala-xml_2.12",
                    "version" : "1.2.0",
                    "configurations" : "default",
                    "artifacts" : [
                        {
                            "name" : "scala-xml_2.12",
                            "checksum" : {
                                "type" : "sha1",
                                "digest" : "5d38ac30beb8420dd395c0af447ba412158965e6"
                            },
                            "path" : "/Users/oajibode/Library/Caches/Coursier/v1/https/repo1.maven.org/maven2/org/scala-lang/modules/scala-xml_2.12/1.2.0/scala-xml_2.12-1.2.0.jar"
                        }
                    ]
                },
                {
                    "organization" : "org.scala-sbt",
                    "name" : "completion_2.12",
                    "version" : "1.3.3",
                    "configurations" : "default",
                    "artifacts" : [
                        {
                            "name" : "completion_2.12",
                            "path" : "/Users/oajibode/Library/Caches/Coursier/v1/https/repo1.maven.org/maven2/org/scala-sbt/completion_2.12/1.3.3/completion_2.12-1.3.3.jar"
                        }
                    ]
                },
                {
                    "organization" : "com.lmax",
                    "name" : "disruptor",
                    "version" : "3.4.2",
                    "configurations" : "default",
                    "artifacts" : [
                        {
                            "name" : "disruptor",
                            "path" : "/Users/oajibode/Library/Caches/Coursier/v1/https/repo1.maven.org/maven2/com/lmax/disruptor/3.4.2/disruptor-3.4.2.jar"
                        }
                    ]
                },
                {
                    "organization" : "org.scala-sbt",
                    "name" : "zinc-lm-integration_2.12",
                    "version" : "1.3.3",
                    "configurations" : "default",
                    "artifacts" : [
                        {
                            "name" : "zinc-lm-integration_2.12",
                            "path" : "/Users/oajibode/Library/Caches/Coursier/v1/https/repo1.maven.org/maven2/org/scala-sbt/zinc-lm-integration_2.12/1.3.3/zinc-lm-integration_2.12-1.3.3.jar"
                        }
                    ]
                },
                {
                    "organization" : "org.scala-sbt",
                    "name" : "template-resolver",
                    "version" : "0.1",
                    "configurations" : "default",
                    "artifacts" : [
                        {
                            "name" : "template-resolver",
                            "path" : "/Users/oajibode/Library/Caches/Coursier/v1/https/repo1.maven.org/maven2/org/scala-sbt/template-resolver/0.1/template-resolver-0.1.jar"
                        }
                    ]
                },
                {
                    "organization" : "com.lihaoyi",
                    "name" : "sourcecode_2.12",
                    "version" : "0.1.3",
                    "configurations" : "default",
                    "artifacts" : [
                        {
                            "name" : "sourcecode_2.12",
                            "path" : "/Users/oajibode/Library/Caches/Coursier/v1/https/repo1.maven.org/maven2/com/lihaoyi/sourcecode_2.12/0.1.3/sourcecode_2.12-0.1.3.jar"
                        }
                    ]
                },
                {
                    "organization" : "org.scala-sbt",
                    "name" : "util-tracking_2.12",
                    "version" : "1.3.2",
                    "configurations" : "default",
                    "artifacts" : [
                        {
                            "name" : "util-tracking_2.12",
                            "path" : "/Users/oajibode/Library/Caches/Coursier/v1/https/repo1.maven.org/maven2/org/scala-sbt/util-tracking_2.12/1.3.2/util-tracking_2.12-1.3.2.jar"
                        }
                    ]
                },
                {
                    "organization" : "org.scala-sbt",
                    "name" : "librarymanagement-core_2.12",
                    "version" : "1.3.0",
                    "configurations" : "default",
                    "artifacts" : [
                        {
                            "name" : "librarymanagement-core_2.12",
                            "path" : "/Users/oajibode/Library/Caches/Coursier/v1/https/repo1.maven.org/maven2/org/scala-sbt/librarymanagement-core_2.12/1.3.0/librarymanagement-core_2.12-1.3.0.jar"
                        }
                    ]
                },
                {
                    "organization" : "org.scala-sbt",
                    "name" : "test-agent",
                    "version" : "1.3.3",
                    "configurations" : "default",
                    "artifacts" : [
                        {
                            "name" : "test-agent",
                            "path" : "/Users/oajibode/Library/Caches/Coursier/v1/https/repo1.maven.org/maven2/org/scala-sbt/test-agent/1.3.3/test-agent-1.3.3.jar"
                        }
                    ]
                },
                {
                    "organization" : "org.scala-sbt",
                    "name" : "core-macros_2.12",
                    "version" : "1.3.3",
                    "configurations" : "default",
                    "artifacts" : [
                        {
                            "name" : "core-macros_2.12",
                            "path" : "/Users/oajibode/Library/Caches/Coursier/v1/https/repo1.maven.org/maven2/org/scala-sbt/core-macros_2.12/1.3.3/core-macros_2.12-1.3.3.jar"
                        }
                    ]
                },
                {
                    "organization" : "org.apache.logging.log4j",
                    "name" : "log4j-core",
                    "version" : "2.11.2",
                    "configurations" : "default",
                    "artifacts" : [
                        {
                            "name" : "log4j-core",
                            "path" : "/Users/oajibode/Library/Caches/Coursier/v1/https/repo1.maven.org/maven2/org/apache/logging/log4j/log4j-core/2.11.2/log4j-core-2.11.2.jar"
                        }
                    ]
                },
                {
                    "organization" : "com.google.protobuf",
                    "name" : "protobuf-java",
                    "version" : "3.7.0",
                    "configurations" : "default",
                    "artifacts" : [
                        {
                            "name" : "protobuf-java",
                            "checksum" : {
                                "type" : "sha1",
                                "digest" : "dbb5e9230a91f2a6d011096c2b9c10a5a6e5f7f2"
                            },
                            "path" : "/Users/oajibode/Library/Caches/Coursier/v1/https/repo1.maven.org/maven2/com/google/protobuf/protobuf-java/3.7.0/protobuf-java-3.7.0.jar"
                        }
                    ]
                },
                {
                    "organization" : "org.reactivestreams",
                    "name" : "reactive-streams",
                    "version" : "1.0.2",
                    "configurations" : "default",
                    "artifacts" : [
                        {
                            "name" : "reactive-streams",
                            "path" : "/Users/oajibode/Library/Caches/Coursier/v1/https/repo1.maven.org/maven2/org/reactivestreams/reactive-streams/1.0.2/reactive-streams-1.0.2.jar"
                        }
                    ]
                },
                {
                    "organization" : "org.scala-sbt",
                    "name" : "util-logging_2.12",
                    "version" : "1.3.2",
                    "configurations" : "default",
                    "artifacts" : [
                        {
                            "name" : "util-logging_2.12",
                            "path" : "/Users/oajibode/Library/Caches/Coursier/v1/https/repo1.maven.org/maven2/org/scala-sbt/util-logging_2.12/1.3.2/util-logging_2.12-1.3.2.jar"
                        }
                    ]
                },
                {
                    "organization" : "org.scala-sbt",
                    "name" : "util-cache_2.12",
                    "version" : "1.3.2",
                    "configurations" : "default",
                    "artifacts" : [
                        {
                            "name" : "util-cache_2.12",
                            "path" : "/Users/oajibode/Library/Caches/Coursier/v1/https/repo1.maven.org/maven2/org/scala-sbt/util-cache_2.12/1.3.2/util-cache_2.12-1.3.2.jar"
                        }
                    ]
                },
                {
                    "organization" : "org.apache.logging.log4j",
                    "name" : "log4j-api",
                    "version" : "2.11.2",
                    "configurations" : "default",
                    "artifacts" : [
                        {
                            "name" : "log4j-api",
                            "path" : "/Users/oajibode/Library/Caches/Coursier/v1/https/repo1.maven.org/maven2/org/apache/logging/log4j/log4j-api/2.11.2/log4j-api-2.11.2.jar"
                        }
                    ]
                },
                {
                    "organization" : "org.scala-sbt",
                    "name" : "zinc-compile_2.12",
                    "version" : "1.3.1",
                    "configurations" : "default",
                    "artifacts" : [
                        {
                            "name" : "zinc-compile_2.12",
                            "path" : "/Users/oajibode/Library/Caches/Coursier/v1/https/repo1.maven.org/maven2/org/scala-sbt/zinc-compile_2.12/1.3.1/zinc-compile_2.12-1.3.1.jar"
                        }
                    ]
                },
                {
                    "organization" : "net.java.dev.jna",
                    "name" : "jna",
                    "version" : "4.5.0",
                    "configurations" : "default",
                    "artifacts" : [
                        {
                            "name" : "jna",
                            "path" : "/Users/oajibode/Library/Caches/Coursier/v1/https/repo1.maven.org/maven2/net/java/dev/jna/jna/4.5.0/jna-4.5.0.jar"
                        }
                    ]
                },
                {
                    "organization" : "org.scala-sbt",
                    "name" : "compiler-interface",
                    "version" : "1.3.1",
                    "configurations" : "default",
                    "artifacts" : [
                        {
                            "name" : "compiler-interface",
                            "path" : "/Users/oajibode/Library/Caches/Coursier/v1/https/repo1.maven.org/maven2/org/scala-sbt/compiler-interface/1.3.1/compiler-interface-1.3.1.jar"
                        }
                    ]
                },
                {
                    "organization" : "org.scala-sbt",
                    "name" : "util-scripted_2.12",
                    "version" : "1.3.2",
                    "configurations" : "default",
                    "artifacts" : [
                        {
                            "name" : "util-scripted_2.12",
                            "path" : "/Users/oajibode/Library/Caches/Coursier/v1/https/repo1.maven.org/maven2/org/scala-sbt/util-scripted_2.12/1.3.2/util-scripted_2.12-1.3.2.jar"
                        }
                    ]
                },
                {
                    "organization" : "com.trueaccord.lenses",
                    "name" : "lenses_2.12",
                    "version" : "0.4.12",
                    "configurations" : "default",
                    "artifacts" : [
                        {
                            "name" : "lenses_2.12",
                            "path" : "/Users/oajibode/Library/Caches/Coursier/v1/https/repo1.maven.org/maven2/com/trueaccord/lenses/lenses_2.12/0.4.12/lenses_2.12-0.4.12.jar"
                        }
                    ]
                },
                {
                    "organization" : "com.eed3si9n",
                    "name" : "gigahorse-okhttp_2.12",
                    "version" : "0.5.0",
                    "configurations" : "default",
                    "artifacts" : [
                        {
                            "name" : "gigahorse-okhttp_2.12",
                            "path" : "/Users/oajibode/Library/Caches/Coursier/v1/https/repo1.maven.org/maven2/com/eed3si9n/gigahorse-okhttp_2.12/0.5.0/gigahorse-okhttp_2.12-0.5.0.jar"
                        }
                    ]
                },
                {
                    "organization" : "com.typesafe",
                    "name" : "config",
                    "version" : "1.3.3",
                    "configurations" : "default",
                    "artifacts" : [
                        {
                            "name" : "config",
                            "checksum" : {
                                "type" : "sha1",
                                "digest" : "4b68c2d5d0403bb4015520fcfabc88d0cbc4d117"
                            },
                            "path" : "/Users/oajibode/Library/Caches/Coursier/v1/https/repo1.maven.org/maven2/com/typesafe/config/1.3.3/config-1.3.3.jar"
                        }
                    ]
                },
                {
                    "organization" : "com.trueaccord.scalapb",
                    "name" : "scalapb-runtime_2.12",
                    "version" : "0.6.0",
                    "configurations" : "default",
                    "artifacts" : [
                        {
                            "name" : "scalapb-runtime_2.12",
                            "path" : "/Users/oajibode/Library/Caches/Coursier/v1/https/repo1.maven.org/maven2/com/trueaccord/scalapb/scalapb-runtime_2.12/0.6.0/scalapb-runtime_2.12-0.6.0.jar"
                        }
                    ]
                },
                {
                    "organization" : "org.scala-sbt",
                    "name" : "zinc-classfile_2.12",
                    "version" : "1.3.1",
                    "configurations" : "default",
                    "artifacts" : [
                        {
                            "name" : "zinc-classfile_2.12",
                            "path" : "/Users/oajibode/Library/Caches/Coursier/v1/https/repo1.maven.org/maven2/org/scala-sbt/zinc-classfile_2.12/1.3.1/zinc-classfile_2.12-1.3.1.jar"
                        }
                    ]
                },
                {
                    "organization" : "org.scala-sbt",
                    "name" : "tasks_2.12",
                    "version" : "1.3.3",
                    "configurations" : "default",
                    "artifacts" : [
                        {
                            "name" : "tasks_2.12",
                            "path" : "/Users/oajibode/Library/Caches/Coursier/v1/https/repo1.maven.org/maven2/org/scala-sbt/tasks_2.12/1.3.3/tasks_2.12-1.3.3.jar"
                        }
                    ]
                },
                {
                    "organization" : "com.squareup.okhttp3",
                    "name" : "okhttp",
                    "version" : "3.14.2",
                    "configurations" : "default",
                    "artifacts" : [
                        {
                            "name" : "okhttp",
                            "path" : "/Users/oajibode/Library/Caches/Coursier/v1/https/repo1.maven.org/maven2/com/squareup/okhttp3/okhttp/3.14.2/okhttp-3.14.2.jar"
                        }
                    ]
                },
                {
                    "organization" : "org.scala-sbt",
                    "name" : "scripted-sbt-redux_2.12",
                    "version" : "1.3.3",
                    "configurations" : "default",
                    "artifacts" : [
                        {
                            "name" : "scripted-sbt-redux_2.12",
                            "path" : "/Users/oajibode/Library/Caches/Coursier/v1/https/repo1.maven.org/maven2/org/scala-sbt/scripted-sbt-redux_2.12/1.3.3/scripted-sbt-redux_2.12-1.3.3.jar"
                        }
                    ]
                },
                {
                    "organization" : "org.scala-sbt",
                    "name" : "util-control_2.12",
                    "version" : "1.3.2",
                    "configurations" : "default",
                    "artifacts" : [
                        {
                            "name" : "util-control_2.12",
                            "path" : "/Users/oajibode/Library/Caches/Coursier/v1/https/repo1.maven.org/maven2/org/scala-sbt/util-control_2.12/1.3.2/util-control_2.12-1.3.2.jar"
                        }
                    ]
                },
                {
                    "organization" : "org.scala-sbt",
                    "name" : "run_2.12",
                    "version" : "1.3.3",
                    "configurations" : "default",
                    "artifacts" : [
                        {
                            "name" : "run_2.12",
                            "path" : "/Users/oajibode/Library/Caches/Coursier/v1/https/repo1.maven.org/maven2/org/scala-sbt/run_2.12/1.3.3/run_2.12-1.3.3.jar"
                        }
                    ]
                },
                {
                    "organization" : "org.scala-sbt",
                    "name" : "scripted-plugin_2.12",
                    "version" : "1.3.3",
                    "configurations" : "default",
                    "artifacts" : [
                        {
                            "name" : "scripted-plugin_2.12",
                            "path" : "/Users/oajibode/Library/Caches/Coursier/v1/https/repo1.maven.org/maven2/org/scala-sbt/scripted-plugin_2.12/1.3.3/scripted-plugin_2.12-1.3.3.jar"
                        }
                    ]
                },
                {
                    "organization" : "org.scala-lang",
                    "name" : "scala-compiler",
                    "version" : "2.12.10",
                    "configurations" : "default",
                    "artifacts" : [
                        {
                            "name" : "scala-compiler",
                            "path" : "/Users/oajibode/.sbt/boot/scala-2.12.10/lib/scala-compiler.jar"
                        }
                    ]
                },
                {
                    "organization" : "com.eed3si9n",
                    "name" : "sjson-new-core_2.12",
                    "version" : "0.8.3",
                    "configurations" : "default",
                    "artifacts" : [
                        {
                            "name" : "sjson-new-core_2.12",
                            "path" : "/Users/oajibode/Library/Caches/Coursier/v1/https/repo1.maven.org/maven2/com/eed3si9n/sjson-new-core_2.12/0.8.3/sjson-new-core_2.12-0.8.3.jar"
                        }
                    ]
                },
                {
                    "organization" : "org.scala-sbt.ipcsocket",
                    "name" : "ipcsocket",
                    "version" : "1.0.0",
                    "configurations" : "default",
                    "artifacts" : [
                        {
                            "name" : "ipcsocket",
                            "checksum" : {
                                "type" : "sha1",
                                "digest" : "b671d32896b96c0311947309952078bf374a5c17"
                            },
                            "path" : "/Users/oajibode/Library/Caches/Coursier/v1/https/repo1.maven.org/maven2/org/scala-sbt/ipcsocket/ipcsocket/1.0.0/ipcsocket-1.0.0.jar"
                        }
                    ]
                },
                {
                    "organization" : "com.lihaoyi",
                    "name" : "fastparse_2.12",
                    "version" : "0.4.2",
                    "configurations" : "default",
                    "artifacts" : [
                        {
                            "name" : "fastparse_2.12",
                            "path" : "/Users/oajibode/Library/Caches/Coursier/v1/https/repo1.maven.org/maven2/com/lihaoyi/fastparse_2.12/0.4.2/fastparse_2.12-0.4.2.jar"
                        }
                    ]
                },
                {
                    "organization" : "net.java.dev.jna",
                    "name" : "jna-platform",
                    "version" : "4.5.0",
                    "configurations" : "default",
                    "artifacts" : [
                        {
                            "name" : "jna-platform",
                            "checksum" : {
                                "type" : "sha1",
                                "digest" : "00ab163522ed76eb01c8c9a750dedacb134fc8c0"
                            },
                            "path" : "/Users/oajibode/Library/Caches/Coursier/v1/https/repo1.maven.org/maven2/net/java/dev/jna/jna-platform/4.5.0/jna-platform-4.5.0.jar"
                        }
                    ]
                },
                {
                    "organization" : "org.scala-lang",
                    "name" : "scala-library",
                    "version" : "2.12.10",
                    "configurations" : "optional",
                    "artifacts" : [
                        {
                            "name" : "scala-library",
                            "path" : "/Users/oajibode/.sbt/boot/scala-2.12.10/lib/scala-library.jar"
                        }
                    ]
                },
                {
                    "organization" : "org.scala-lang",
                    "name" : "scala-compiler",
                    "version" : "2.12.10",
                    "configurations" : "optional",
                    "artifacts" : [
                        {
                            "name" : "scala-compiler",
                            "path" : "/Users/oajibode/.sbt/boot/scala-2.12.10/lib/scala-compiler.jar"
                        }
                    ]
                }
            ]
        }
    }
}